--
-- Script was generated by Devart dbForge Studio 2022 for SQL Server, Version 6.4.7.0
-- Product home page: http://www.devart.com/dbforge/sql/studio
-- Script date 11/7/2023 4:42:28 PM
-- Server version: 15.00.2000
--


SET DATEFORMAT ymd
SET ARITHABORT, ANSI_PADDING, ANSI_WARNINGS, CONCAT_NULL_YIELDS_NULL, QUOTED_IDENTIFIER, ANSI_NULLS, NOCOUNT ON
SET NUMERIC_ROUNDABORT, IMPLICIT_TRANSACTIONS, XACT_ABORT OFF
GO

USE Basecore
GO

IF DB_NAME() <> N'Basecore' SET NOEXEC ON
GO

--
-- Create table [dbo].[UserTokens]
--
PRINT (N'Create table [dbo].[UserTokens]')
GO
CREATE TABLE dbo.UserTokens (
  UserId int NOT NULL,
  LoginProvider nvarchar(450) NOT NULL,
  Name nvarchar(450) NOT NULL,
  Value nvarchar(max) NULL,
  CONSTRAINT PK_UserTokens PRIMARY KEY CLUSTERED (UserId, LoginProvider, Name)
)
ON [PRIMARY]
TEXTIMAGE_ON [PRIMARY]
GO

--
-- Create table [dbo].[Users]
--
PRINT (N'Create table [dbo].[Users]')
GO
CREATE TABLE dbo.Users (
  Id int IDENTITY,
  Username nvarchar(256) NULL,
  Gender nvarchar(max) NULL,
  DateOfBirth datetime2 NOT NULL,
  KnownAs nvarchar(max) NULL,
  Created datetime2 NOT NULL,
  LastActive datetime2 NOT NULL,
  Introduction nvarchar(max) NULL,
  LookingFor nvarchar(max) NULL,
  Interests nvarchar(max) NULL,
  City nvarchar(max) NULL,
  Country nvarchar(max) NULL,
  AccessFailedCount int NOT NULL DEFAULT (0),
  ConcurrencyStamp nvarchar(max) NULL,
  Email nvarchar(256) NULL,
  EmailConfirmed bit NOT NULL DEFAULT (CONVERT([bit],(0))),
  LockoutEnabled bit NOT NULL DEFAULT (CONVERT([bit],(0))),
  LockoutEnd datetimeoffset NULL,
  NormalizedEmail nvarchar(256) NULL,
  NormalizedUsername nvarchar(256) NULL,
  PasswordHash nvarchar(max) NULL,
  PhoneNumber nvarchar(max) NULL,
  PhoneNumberConfirmed bit NOT NULL DEFAULT (CONVERT([bit],(0))),
  SecurityStamp nvarchar(max) NULL,
  TwoFactorEnabled bit NOT NULL DEFAULT (CONVERT([bit],(0))),
  CONSTRAINT PK_Users PRIMARY KEY CLUSTERED (Id)
)
ON [PRIMARY]
TEXTIMAGE_ON [PRIMARY]
GO

--
-- Create index [EmailIndex] on table [dbo].[Users]
--
PRINT (N'Create index [EmailIndex] on table [dbo].[Users]')
GO
CREATE INDEX EmailIndex
  ON dbo.Users (NormalizedEmail)
  ON [PRIMARY]
GO

--
-- Create index [UsernameIndex] on table [dbo].[Users]
--
PRINT (N'Create index [UsernameIndex] on table [dbo].[Users]')
GO
CREATE UNIQUE INDEX UsernameIndex
  ON dbo.Users (NormalizedUsername)
  WHERE ([NormalizedUsername] IS NOT NULL)
  ON [PRIMARY]
GO

--
-- Create table [dbo].[UserLogins]
--
PRINT (N'Create table [dbo].[UserLogins]')
GO
CREATE TABLE dbo.UserLogins (
  LoginProvider nvarchar(450) NOT NULL,
  ProviderKey nvarchar(450) NOT NULL,
  ProviderDisplayName nvarchar(max) NULL,
  UserId int NOT NULL,
  CONSTRAINT PK_UserLogins PRIMARY KEY CLUSTERED (LoginProvider, ProviderKey)
)
ON [PRIMARY]
TEXTIMAGE_ON [PRIMARY]
GO

--
-- Create index [IX_UserLogins_UserId] on table [dbo].[UserLogins]
--
PRINT (N'Create index [IX_UserLogins_UserId] on table [dbo].[UserLogins]')
GO
CREATE INDEX IX_UserLogins_UserId
  ON dbo.UserLogins (UserId)
  ON [PRIMARY]
GO

--
-- Create table [dbo].[UserClaims]
--
PRINT (N'Create table [dbo].[UserClaims]')
GO
CREATE TABLE dbo.UserClaims (
  Id int IDENTITY,
  UserId int NOT NULL,
  ClaimType nvarchar(max) NULL,
  ClaimValue nvarchar(max) NULL,
  CONSTRAINT PK_UserClaims PRIMARY KEY CLUSTERED (Id)
)
ON [PRIMARY]
TEXTIMAGE_ON [PRIMARY]
GO

--
-- Create index [IX_UserClaims_UserId] on table [dbo].[UserClaims]
--
PRINT (N'Create index [IX_UserClaims_UserId] on table [dbo].[UserClaims]')
GO
CREATE INDEX IX_UserClaims_UserId
  ON dbo.UserClaims (UserId)
  ON [PRIMARY]
GO

--
-- Create table [dbo].[Roles]
--
PRINT (N'Create table [dbo].[Roles]')
GO
CREATE TABLE dbo.Roles (
  Id int IDENTITY,
  Name nvarchar(256) NULL,
  NormalizedName nvarchar(256) NULL,
  ConcurrencyStamp nvarchar(max) NULL,
  CONSTRAINT PK_Roles PRIMARY KEY CLUSTERED (Id)
)
ON [PRIMARY]
TEXTIMAGE_ON [PRIMARY]
GO

--
-- Create index [RoleNameIndex] on table [dbo].[Roles]
--
PRINT (N'Create index [RoleNameIndex] on table [dbo].[Roles]')
GO
CREATE UNIQUE INDEX RoleNameIndex
  ON dbo.Roles (NormalizedName)
  WHERE ([NormalizedName] IS NOT NULL)
  ON [PRIMARY]
GO

--
-- Create table [dbo].[RoleClaims]
--
PRINT (N'Create table [dbo].[RoleClaims]')
GO
CREATE TABLE dbo.RoleClaims (
  Id int IDENTITY,
  RoleId int NOT NULL,
  ClaimType nvarchar(max) NULL,
  ClaimValue nvarchar(max) NULL,
  CONSTRAINT PK_RoleClaims PRIMARY KEY CLUSTERED (Id)
)
ON [PRIMARY]
TEXTIMAGE_ON [PRIMARY]
GO

--
-- Create index [IX_RoleClaims_RoleId] on table [dbo].[RoleClaims]
--
PRINT (N'Create index [IX_RoleClaims_RoleId] on table [dbo].[RoleClaims]')
GO
CREATE INDEX IX_RoleClaims_RoleId
  ON dbo.RoleClaims (RoleId)
  ON [PRIMARY]
GO

--
-- Create table [dbo].[Photos]
--
PRINT (N'Create table [dbo].[Photos]')
GO
CREATE TABLE dbo.Photos (
  Id int IDENTITY,
  Url nvarchar(max) NULL,
  description nvarchar(max) NULL,
  date_added datetime2 NOT NULL,
  is_main bit NOT NULL,
  userid int NOT NULL,
  public_id nvarchar(max) NULL,
  CONSTRAINT PK_Photos PRIMARY KEY CLUSTERED (Id)
)
ON [PRIMARY]
TEXTIMAGE_ON [PRIMARY]
GO

--
-- Create index [IX_Photos_userid] on table [dbo].[Photos]
--
PRINT (N'Create index [IX_Photos_userid] on table [dbo].[Photos]')
GO
CREATE INDEX IX_Photos_userid
  ON dbo.Photos (userid)
  ON [PRIMARY]
GO

--
-- Create table [dbo].[Messages]
--
PRINT (N'Create table [dbo].[Messages]')
GO
CREATE TABLE dbo.Messages (
  Id int IDENTITY,
  SenderId int NOT NULL,
  RecipientId int NOT NULL,
  Content nvarchar(max) NULL,
  IsRead bit NOT NULL,
  DateRead datetime2 NULL,
  MessageSent datetime2 NOT NULL,
  SenderDeleted bit NOT NULL,
  RecipientDeleted bit NOT NULL,
  CONSTRAINT PK_Messages PRIMARY KEY CLUSTERED (Id)
)
ON [PRIMARY]
TEXTIMAGE_ON [PRIMARY]
GO

--
-- Create index [IX_Messages_RecipientId] on table [dbo].[Messages]
--
PRINT (N'Create index [IX_Messages_RecipientId] on table [dbo].[Messages]')
GO
CREATE INDEX IX_Messages_RecipientId
  ON dbo.Messages (RecipientId)
  ON [PRIMARY]
GO

--
-- Create index [IX_Messages_SenderId] on table [dbo].[Messages]
--
PRINT (N'Create index [IX_Messages_SenderId] on table [dbo].[Messages]')
GO
CREATE INDEX IX_Messages_SenderId
  ON dbo.Messages (SenderId)
  ON [PRIMARY]
GO

--
-- Create table [dbo].[__EFMigrationsHistory]
--
PRINT (N'Create table [dbo].[__EFMigrationsHistory]')
GO
CREATE TABLE dbo.__EFMigrationsHistory (
  MigrationId nvarchar(150) NOT NULL,
  ProductVersion nvarchar(32) NOT NULL,
  CONSTRAINT PK___EFMigrationsHistory PRIMARY KEY CLUSTERED (MigrationId)
)
ON [PRIMARY]
GO

--
-- Create table [dbo].[UserRoles]
--
PRINT (N'Create table [dbo].[UserRoles]')
GO
CREATE TABLE dbo.UserRoles (
  UserId int NOT NULL,
  RoleId int NOT NULL,
  CONSTRAINT PK_UserRoles PRIMARY KEY CLUSTERED (UserId, RoleId)
)
ON [PRIMARY]
GO

--
-- Create index [IX_UserRoles_RoleId] on table [dbo].[UserRoles]
--
PRINT (N'Create index [IX_UserRoles_RoleId] on table [dbo].[UserRoles]')
GO
CREATE INDEX IX_UserRoles_RoleId
  ON dbo.UserRoles (RoleId)
  ON [PRIMARY]
GO

--
-- Create table [dbo].[Like]
--
PRINT (N'Create table [dbo].[Like]')
GO
CREATE TABLE dbo.[Like] (
  LikerId int NOT NULL,
  LikeeId int NOT NULL,
  CONSTRAINT PK_Like PRIMARY KEY CLUSTERED (LikerId, LikeeId)
)
ON [PRIMARY]
GO

--
-- Create index [IX_Like_LikeeId] on table [dbo].[Like]
--
PRINT (N'Create index [IX_Like_LikeeId] on table [dbo].[Like]')
GO
CREATE INDEX IX_Like_LikeeId
  ON dbo.[Like] (LikeeId)
  ON [PRIMARY]
GO

-- 
-- Dumping data for table __EFMigrationsHistory
--
PRINT (N'Dumping data for table __EFMigrationsHistory')
INSERT dbo.__EFMigrationsHistory VALUES (N'20230530015159_initDb', N'7.0.5')
INSERT dbo.__EFMigrationsHistory VALUES (N'20230531042120_IdentityModel', N'7.0.5')
INSERT dbo.__EFMigrationsHistory VALUES (N'20230616014654_RemovePrefixAspnet', N'7.0.5')
GO

-- 
-- Dumping data for table UserTokens
--
PRINT (N'Dumping data for table UserTokens')
-- Table Basecore.dbo.UserTokens does not contain any data (it is empty)

-- 
-- Dumping data for table Users
--
PRINT (N'Dumping data for table Users')
SET IDENTITY_INSERT dbo.Users ON
GO
INSERT dbo.Users(Id, Username, Gender, DateOfBirth, KnownAs, Created, LastActive, introduction, LookingFor, Interests, City, Country, AccessFailedCount, ConcurrencyStamp, Email, EmailConfirmed, LockoutEnabled, LockoutEnd, NormalizedEmail, NormalizedUsername, PasswordHash, PhoneNumber, PhoneNumberConfirmed, SecurityStamp, TwoFactorEnabled) VALUES (4, N'tung', N'string', '1997-01-23 08:31:18.5820000', N'string', '2023-05-31 08:31:18.5820000', '2023-08-19 07:50:54.5733960', NULL, NULL, NULL, N'Binh Duong', N'Viet Nam', 0, N'ea352514-1709-4d91-9379-59f9004e7fe2', NULL, CONVERT(bit, 'False'), CONVERT(bit, 'True'), NULL, NULL, N'TUNG', N'AQAAAAIAAYagAAAAEOtyfymlMWh4cgZCcygetzADstsNpJ6gLJ78TqP4Ij8fXC+939WQebX6uloQbG/J4w==', NULL, CONVERT(bit, 'False'), N'A4GPFCCQRUGQLA77UUUZVQYSJMRUHT6T', CONVERT(bit, 'False'))
INSERT dbo.Users(Id, Username, Gender, DateOfBirth, KnownAs, Created, LastActive, introduction, LookingFor, Interests, City, Country, AccessFailedCount, ConcurrencyStamp, Email, EmailConfirmed, LockoutEnabled, LockoutEnd, NormalizedEmail, NormalizedUsername, PasswordHash, PhoneNumber, PhoneNumberConfirmed, SecurityStamp, TwoFactorEnabled) VALUES (5, N'tungmtp', N'female', '1997-01-23 08:31:18.5820000', N'mtp', '2023-05-31 08:31:18.5820000', '2023-05-31 08:31:18.5820000', NULL, NULL, NULL, N'Binh Duong', N'Viet Nam', 0, N'02c63a68-f3d0-48dc-9503-b3e0519006ea', NULL, CONVERT(bit, 'False'), CONVERT(bit, 'True'), NULL, NULL, N'TUNGMTP', N'AQAAAAIAAYagAAAAEOHkXT0zDrWwhEDlphcpDD+akGVYqkwSe3L4dtfQtP8wkhLAErUKGY3QRi6e+Tj0Kw==', NULL, CONVERT(bit, 'False'), N'4RXOUN3IYFXBMI3DJPUGBHEKXPUVQLNK', CONVERT(bit, 'False'))
INSERT dbo.Users(Id, Username, Gender, DateOfBirth, KnownAs, Created, LastActive, introduction, LookingFor, Interests, City, Country, AccessFailedCount, ConcurrencyStamp, Email, EmailConfirmed, LockoutEnabled, LockoutEnd, NormalizedEmail, NormalizedUsername, PasswordHash, PhoneNumber, PhoneNumberConfirmed, SecurityStamp, TwoFactorEnabled) VALUES (11, N'tung.nguyen', N'male', '1997-01-22 17:00:00.0000000', N'tung', '2023-06-03 08:34:32.4711521', '2023-11-07 11:38:11.1057354', NULL, NULL, NULL, N'Bình Dương', N'Việt nam', 0, N'4b2dcaee-8cdd-4715-8be6-19106a2e69ea', NULL, CONVERT(bit, 'False'), CONVERT(bit, 'True'), NULL, NULL, N'TUNG.NGUYEN', N'AQAAAAIAAYagAAAAEId6DJKEk4+jm3rniiXgIKjzsVCxwfCx9RGI8Tei1JaNiCUwkwMpO/mwJk7PrNWwjw==', NULL, CONVERT(bit, 'False'), N'EFVHEG7DZVUQ5XMHCCJADELYWHCHQYLZ', CONVERT(bit, 'False'))
INSERT dbo.Users(Id, Username, Gender, DateOfBirth, KnownAs, Created, LastActive, introduction, LookingFor, Interests, City, Country, AccessFailedCount, ConcurrencyStamp, Email, EmailConfirmed, LockoutEnabled, LockoutEnd, NormalizedEmail, NormalizedUsername, PasswordHash, PhoneNumber, PhoneNumberConfirmed, SecurityStamp, TwoFactorEnabled) VALUES (12, N'trung.nguyen', N'male', '1997-01-22 17:00:00.0000000', N'tung', '2023-06-03 08:37:43.3733763', '2023-06-03 08:45:06.4620001', NULL, NULL, NULL, N'Bình Dương', N'Việt nam', 0, N'8f96a668-7f8c-40b4-99e0-3b326d0a163b', NULL, CONVERT(bit, 'False'), CONVERT(bit, 'True'), NULL, NULL, N'TRUNG.NGUYEN', N'AQAAAAIAAYagAAAAELrwEZne6XImKsxk8mBimq1M5be8LwpGbcPmqvSdZBQ1uvduwphhckwwqvglyqj9sg==', NULL, CONVERT(bit, 'False'), N'CE3AJPJ3V5YM34UW4DG4SHVTX66XCHNA', CONVERT(bit, 'False'))
INSERT dbo.Users(Id, Username, Gender, DateOfBirth, KnownAs, Created, LastActive, introduction, LookingFor, Interests, City, Country, AccessFailedCount, ConcurrencyStamp, Email, EmailConfirmed, LockoutEnabled, LockoutEnd, NormalizedEmail, NormalizedUsername, PasswordHash, PhoneNumber, PhoneNumberConfirmed, SecurityStamp, TwoFactorEnabled) VALUES (13, N'lan.nguyen', N'female', '2001-05-15 17:00:00.0000000', N'lan', '2023-06-03 08:58:52.1817244', '2023-06-15 16:16:17.0370537', NULL, NULL, NULL, N'Phú Quốc', N'Việt Nam', 0, N'e84e24e6-f22e-4b98-a824-2ab8a9933001', NULL, CONVERT(bit, 'False'), CONVERT(bit, 'True'), NULL, NULL, N'LAN.NGUYEN', N'AQAAAAIAAYagAAAAEP9PbT0wo1wx6eBciw5WsBZr6tx/hKlD/NyxtuqcAJSbDVXG784XF+dS54/1OpiuZg==', NULL, CONVERT(bit, 'False'), N'FURP2Y23ZPI5WWZMPS3HLPSMF2OZ47CT', CONVERT(bit, 'False'))
INSERT dbo.Users(Id, Username, Gender, DateOfBirth, KnownAs, Created, LastActive, introduction, LookingFor, Interests, City, Country, AccessFailedCount, ConcurrencyStamp, Email, EmailConfirmed, LockoutEnabled, LockoutEnd, NormalizedEmail, NormalizedUsername, PasswordHash, PhoneNumber, PhoneNumberConfirmed, SecurityStamp, TwoFactorEnabled) VALUES (14, N'tuan.tran', N'male', '2001-02-07 17:00:00.0000000', N'tuan.pham', '2023-06-16 12:01:45.0715154', '2023-06-16 12:02:41.3381465', NULL, NULL, NULL, N'tuan.pham', N'tuan.pham', 0, N'7c3081e3-7445-4073-818c-1f605e43d814', NULL, CONVERT(bit, 'False'), CONVERT(bit, 'True'), NULL, NULL, N'TUAN.PHAM1', N'AQAAAAIAAYagAAAAEDLmiw/jqbC/eQO0YRx0Y9sc2oXvdH3GBu9A8KCeGtC2KHTPugqXlWYiInvTHcSEfg==', NULL, CONVERT(bit, 'False'), N'TWXFBSSY7CEAABE32K2UEH66GSONHD2S', CONVERT(bit, 'False'))
INSERT dbo.Users(Id, Username, Gender, DateOfBirth, KnownAs, Created, LastActive, introduction, LookingFor, Interests, City, Country, AccessFailedCount, ConcurrencyStamp, Email, EmailConfirmed, LockoutEnabled, LockoutEnd, NormalizedEmail, NormalizedUsername, PasswordHash, PhoneNumber, PhoneNumberConfirmed, SecurityStamp, TwoFactorEnabled) VALUES (15, N'tuan.pham', N'male', '2000-01-31 17:00:00.0000000', N'roleResult', '2023-06-16 12:03:22.4697816', '2023-06-16 14:34:45.0169854', NULL, NULL, NULL, N'roleResult', N'roleResult', 0, N'c315569a-dabf-4a59-861c-131e83fe7d6a', NULL, CONVERT(bit, 'False'), CONVERT(bit, 'True'), NULL, NULL, N'TUAN.PHAM', N'AQAAAAIAAYagAAAAELKGhVJsbXvrhNGclIc1/1ND8kIkQlwly8xSOZ5T5hlDSQJ1K9lLL3haZQw1vqofJA==', NULL, CONVERT(bit, 'False'), N'HY33DTVKNMGFVIXRAWSRIUQPOFZPTWBB', CONVERT(bit, 'False'))
GO
SET IDENTITY_INSERT dbo.Users OFF
GO

-- 
-- Dumping data for table UserRoles
--
PRINT (N'Dumping data for table UserRoles')
INSERT dbo.UserRoles VALUES (4, 1)
INSERT dbo.UserRoles VALUES (11, 1)
INSERT dbo.UserRoles VALUES (4, 2)
INSERT dbo.UserRoles VALUES (5, 2)
INSERT dbo.UserRoles VALUES (11, 2)
INSERT dbo.UserRoles VALUES (12, 2)
INSERT dbo.UserRoles VALUES (13, 2)
INSERT dbo.UserRoles VALUES (14, 2)
INSERT dbo.UserRoles VALUES (15, 2)
INSERT dbo.UserRoles VALUES (4, 3)
INSERT dbo.UserRoles VALUES (11, 3)
GO

-- 
-- Dumping data for table UserLogins
--
PRINT (N'Dumping data for table UserLogins')
-- Table Basecore.dbo.UserLogins does not contain any data (it is empty)

-- 
-- Dumping data for table UserClaims
--
PRINT (N'Dumping data for table UserClaims')
-- Table Basecore.dbo.UserClaims does not contain any data (it is empty)

-- 
-- Dumping data for table Roles
--
PRINT (N'Dumping data for table Roles')
SET IDENTITY_INSERT dbo.Roles ON
GO
INSERT dbo.Roles(Id, Name, NormalizedName, ConcurrencyStamp) VALUES (1, N'Admin', N'ADMIN', NULL)
INSERT dbo.Roles(Id, Name, NormalizedName, ConcurrencyStamp) VALUES (2, N'Member', N'MEMBER', NULL)
INSERT dbo.Roles(Id, Name, NormalizedName, ConcurrencyStamp) VALUES (3, N'SuperAdmin', N'SUPERADMIN', NULL)
GO
SET IDENTITY_INSERT dbo.Roles OFF
GO

-- 
-- Dumping data for table RoleClaims
--
PRINT (N'Dumping data for table RoleClaims')
-- Table Basecore.dbo.RoleClaims does not contain any data (it is empty)

-- 
-- Dumping data for table Photos
--
PRINT (N'Dumping data for table Photos')
SET IDENTITY_INSERT dbo.Photos ON
GO
INSERT dbo.Photos(Id, Url, description, date_added, is_main, userid, public_id) VALUES (2, N'http://res.cloudinary.com/dfuhlrkz1/image/upload/v1685756628/fwptcthbeycl2igyp6nn.jpg', NULL, '2023-06-03 08:43:42.3650944', CONVERT(bit, 'True'), 12, N'fwptcthbeycl2igyp6nn')
INSERT dbo.Photos(Id, Url, description, date_added, is_main, userid, public_id) VALUES (3, N'http://res.cloudinary.com/dfuhlrkz1/image/upload/v1685758071/vqmivwaw7mnttwjgknke.jpg', NULL, '2023-06-03 09:07:50.3601324', CONVERT(bit, 'True'), 13, N'vqmivwaw7mnttwjgknke')
INSERT dbo.Photos(Id, Url, description, date_added, is_main, userid, public_id) VALUES (4, N'http://res.cloudinary.com/dfuhlrkz1/image/upload/v1689319627/ibpsdfwwe9jyde3matjo.png', NULL, '2023-07-14 14:27:05.8819800', CONVERT(bit, 'True'), 11, N'ibpsdfwwe9jyde3matjo')
INSERT dbo.Photos(Id, Url, description, date_added, is_main, userid, public_id) VALUES (5, N'http://res.cloudinary.com/dfuhlrkz1/image/upload/v1689319630/bbot24nlz5sljqoflce0.png', NULL, '2023-07-14 14:27:08.9388391', CONVERT(bit, 'False'), 11, N'bbot24nlz5sljqoflce0')
INSERT dbo.Photos(Id, Url, description, date_added, is_main, userid, public_id) VALUES (6, N'http://res.cloudinary.com/dfuhlrkz1/image/upload/v1689319746/uwcplzo0l80plxkpadao.jpg', NULL, '2023-07-14 14:28:06.4998011', CONVERT(bit, 'False'), 11, N'uwcplzo0l80plxkpadao')
GO
SET IDENTITY_INSERT dbo.Photos OFF
GO

-- 
-- Dumping data for table Messages
--
PRINT (N'Dumping data for table Messages')
-- Table Basecore.dbo.Messages does not contain any data (it is empty)

-- 
-- Dumping data for table [Like]
--
PRINT (N'Dumping data for table [Like]')
-- Table Basecore.dbo.[Like] does not contain any data (it is empty)

USE Basecore
GO

IF DB_NAME() <> N'Basecore' SET NOEXEC ON
GO

--
-- Create foreign key [FK_UserTokens_Users_UserId] on table [dbo].[UserTokens]
--
PRINT (N'Create foreign key [FK_UserTokens_Users_UserId] on table [dbo].[UserTokens]')
GO
ALTER TABLE dbo.UserTokens
  ADD CONSTRAINT FK_UserTokens_Users_UserId FOREIGN KEY (UserId) REFERENCES dbo.Users (Id) ON DELETE CASCADE
GO

--
-- Create foreign key [FK_UserLogins_Users_UserId] on table [dbo].[UserLogins]
--
PRINT (N'Create foreign key [FK_UserLogins_Users_UserId] on table [dbo].[UserLogins]')
GO
ALTER TABLE dbo.UserLogins
  ADD CONSTRAINT FK_UserLogins_Users_UserId FOREIGN KEY (UserId) REFERENCES dbo.Users (Id) ON DELETE CASCADE
GO

--
-- Create foreign key [FK_UserClaims_Users_UserId] on table [dbo].[UserClaims]
--
PRINT (N'Create foreign key [FK_UserClaims_Users_UserId] on table [dbo].[UserClaims]')
GO
ALTER TABLE dbo.UserClaims
  ADD CONSTRAINT FK_UserClaims_Users_UserId FOREIGN KEY (UserId) REFERENCES dbo.Users (Id) ON DELETE CASCADE
GO

--
-- Create foreign key [FK_RoleClaims_Roles_RoleId] on table [dbo].[RoleClaims]
--
PRINT (N'Create foreign key [FK_RoleClaims_Roles_RoleId] on table [dbo].[RoleClaims]')
GO
ALTER TABLE dbo.RoleClaims
  ADD CONSTRAINT FK_RoleClaims_Roles_RoleId FOREIGN KEY (RoleId) REFERENCES dbo.Roles (Id) ON DELETE CASCADE
GO

--
-- Create foreign key [FK_Photos_Users_userid] on table [dbo].[Photos]
--
PRINT (N'Create foreign key [FK_Photos_Users_userid] on table [dbo].[Photos]')
GO
ALTER TABLE dbo.Photos
  ADD CONSTRAINT FK_Photos_Users_userid FOREIGN KEY (userid) REFERENCES dbo.Users (Id) ON DELETE CASCADE
GO

--
-- Create foreign key [FK_Messages_Users_RecipientId] on table [dbo].[Messages]
--
PRINT (N'Create foreign key [FK_Messages_Users_RecipientId] on table [dbo].[Messages]')
GO
ALTER TABLE dbo.Messages
  ADD CONSTRAINT FK_Messages_Users_RecipientId FOREIGN KEY (RecipientId) REFERENCES dbo.Users (Id)
GO

--
-- Create foreign key [FK_Messages_Users_SenderId] on table [dbo].[Messages]
--
PRINT (N'Create foreign key [FK_Messages_Users_SenderId] on table [dbo].[Messages]')
GO
ALTER TABLE dbo.Messages
  ADD CONSTRAINT FK_Messages_Users_SenderId FOREIGN KEY (SenderId) REFERENCES dbo.Users (Id)
GO

--
-- Create foreign key [FK_UserRoles_Roles_RoleId] on table [dbo].[UserRoles]
--
PRINT (N'Create foreign key [FK_UserRoles_Roles_RoleId] on table [dbo].[UserRoles]')
GO
ALTER TABLE dbo.UserRoles
  ADD CONSTRAINT FK_UserRoles_Roles_RoleId FOREIGN KEY (RoleId) REFERENCES dbo.Roles (Id) ON DELETE CASCADE
GO

--
-- Create foreign key [FK_UserRoles_Users_UserId] on table [dbo].[UserRoles]
--
PRINT (N'Create foreign key [FK_UserRoles_Users_UserId] on table [dbo].[UserRoles]')
GO
ALTER TABLE dbo.UserRoles
  ADD CONSTRAINT FK_UserRoles_Users_UserId FOREIGN KEY (UserId) REFERENCES dbo.Users (Id) ON DELETE CASCADE
GO

--
-- Create foreign key [FK_Like_Users_LikeeId] on table [dbo].[Like]
--
PRINT (N'Create foreign key [FK_Like_Users_LikeeId] on table [dbo].[Like]')
GO
ALTER TABLE dbo.[Like]
  ADD CONSTRAINT FK_Like_Users_LikeeId FOREIGN KEY (LikeeId) REFERENCES dbo.Users (Id)
GO

--
-- Create foreign key [FK_Like_Users_LikerId] on table [dbo].[Like]
--
PRINT (N'Create foreign key [FK_Like_Users_LikerId] on table [dbo].[Like]')
GO
ALTER TABLE dbo.[Like]
  ADD CONSTRAINT FK_Like_Users_LikerId FOREIGN KEY (LikerId) REFERENCES dbo.Users (Id)
GO
SET NOEXEC OFF
GO